ID,region,date
EPI_ISL_10497966,Yurihama,25/1/2022
EPI_ISL_10497963,USA,25/1/2022
EPI_ISL_10497967,santa ana,25/1/2022
EPI_ISL_10506234,Denmark,21/2/2022
EPI_ISL_10246626,Montenegro,14/1/2022
EPI_ISL_10246625,As Sukhnah,14/1/2022
EPI_ISL_10485469,Switzerland,15/2/2022
EPI_ISL_10493803,Switzerland,7/2/2022
EPI_ISL_10493804,Switzerland,8/2/2022
EPI_ISL_10506228,Denmark,17/2/2022
EPI_ISL_10497980,Finland,25/1/2022
EPI_ISL_10497992,Pembroke Pines,25/1/2022
EPI_ISL_10497988,USA,25/1/2022
EPI_ISL_10497986,USA,25/1/2022
EPI_ISL_10497987,USA,25/1/2022
EPI_ISL_10497979,Bayamon,25/1/2022
EPI_ISL_10497984,USA,25/1/2022
EPI_ISL_10497985,Puerto Rico,25/1/2022
EPI_ISL_10497991,USA,25/1/2022
EPI_ISL_10498019,USA,26/1/2022
EPI_ISL_10497978,USA,25/1/2022
EPI_ISL_10498013,USA,26/1/2022
EPI_ISL_10498003,USA,25/1/2022
EPI_ISL_10498004,USA,25/1/2022
EPI_ISL_10497998,USA,25/1/2022
EPI_ISL_10498005,Puerto Rico,25/1/2022
EPI_ISL_10498011,USA,26/1/2022
EPI_ISL_10497993,USA,25/1/2022
EPI_ISL_10498002,USA,25/1/2022
EPI_ISL_10498012,USA,26/1/2022
EPI_ISL_10497997,Puerto Rico,25/1/2022
EPI_ISL_10497994,USA,25/1/2022
EPI_ISL_10498010,USA,26/1/2022
EPI_ISL_10498001,USA,25/1/2022
EPI_ISL_10498009,USA,26/1/2022
EPI_ISL_10498000,USA,25/1/2022
EPI_ISL_10497995,USA,25/1/2022
EPI_ISL_10498006,USA,25/1/2022
EPI_ISL_10497999,USA,25/1/2022
EPI_ISL_10498007,USA,25/1/2022
EPI_ISL_10498008,USA,26/1/2022
EPI_ISL_10497996,USA,25/1/2022
EPI_ISL_10498022,Bellevue,26/1/2022
EPI_ISL_10498020,USA,26/1/2022
EPI_ISL_10497302,Pakistan,16/2/2022
EPI_ISL_10498015,USA,26/1/2022
EPI_ISL_10498014,USA,26/1/2022
EPI_ISL_10498016,USA,26/1/2022
EPI_ISL_10498033,USA,26/1/2022
EPI_ISL_10497304,Pakistan,17/2/2022
EPI_ISL_10498038,USA,26/1/2022
EPI_ISL_10498042,USA,27/1/2022
EPI_ISL_10498041,USA,27/1/2022
EPI_ISL_10496627,New Caledonia,6/2/2022
EPI_ISL_10498037,USA,26/1/2022
EPI_ISL_10498021,USA,26/1/2022
EPI_ISL_10498017,USA,26/1/2022
EPI_ISL_10505133,England,2022-00-00
EPI_ISL_10498039,USA,26/1/2022
EPI_ISL_10498040,USA,26/1/2022
EPI_ISL_10498018,USA,26/1/2022
EPI_ISL_10498036,USA,26/1/2022
EPI_ISL_10498026,USA,26/1/2022
EPI_ISL_10496631,NewCaledonia,27/1/2022
EPI_ISL_10497303,Abbottabad,17/2/2022
EPI_ISL_10498035,USA,26/1/2022
EPI_ISL_10498032,USA,26/1/2022
EPI_ISL_10496626,New Caledonia,3/1/2022
EPI_ISL_10498024,USA,26/1/2022
EPI_ISL_10498029,USA,26/1/2022
EPI_ISL_10498031,USA,26/1/2022
EPI_ISL_10498027,USA,26/1/2022
EPI_ISL_10498028,USA,26/1/2022
EPI_ISL_10498025,USA,26/1/2022
EPI_ISL_10498046,USA,27/1/2022
EPI_ISL_10498057,USA,27/1/2022
EPI_ISL_10498023,USA,26/1/2022
EPI_ISL_10498034,USA,26/1/2022
EPI_ISL_10498030,USA,26/1/2022
EPI_ISL_10498047,USA,27/1/2022
EPI_ISL_10498044,USA,27/1/2022
EPI_ISL_10498058,USA,27/1/2022
EPI_ISL_10498055,USA,27/1/2022
EPI_ISL_10498052,USA,27/1/2022
EPI_ISL_10498043,USA,27/1/2022
EPI_ISL_10498054,USA,27/1/2022
EPI_ISL_10498051,USA,27/1/2022
EPI_ISL_10498059,USA,27/1/2022
EPI_ISL_10498048,USA,27/1/2022
EPI_ISL_10498049,USA,27/1/2022
EPI_ISL_10498060,USA,27/1/2022
EPI_ISL_10498066,USA,28/1/2022
EPI_ISL_10498062,USA,27/1/2022
EPI_ISL_10498065,USA,28/1/2022
EPI_ISL_10498050,USA,27/1/2022
EPI_ISL_10498056,USA,27/1/2022
EPI_ISL_10498064,USA,28/1/2022
EPI_ISL_10498069,USA,31/1/2022
EPI_ISL_10498053,USA,27/1/2022
EPI_ISL_10506222,Denmark,20/2/2022
EPI_ISL_10498063,USA,27/1/2022
EPI_ISL_10498071,USA,31/1/2022
EPI_ISL_10498061,USA,27/1/2022
EPI_ISL_10506490,England,13/1/2022
EPI_ISL_10506223,Denmark,20/2/2022
EPI_ISL_10498070,USA,31/1/2022
EPI_ISL_10505323,Poland,11/2/2022
EPI_ISL_10506245,Denmark,18/2/2022
EPI_ISL_10498068,USA,31/1/2022
EPI_ISL_10505139,England,13/2/2022
EPI_ISL_10498067,USA,28/1/2022
EPI_ISL_10506234,Denmark,21/2/2022
EPI_ISL_10246626,Montenegro,14/1/2022
EPI_ISL_10246625,Montenegro,14/1/2022
EPI_ISL_10485469,Switzerland,15/2/2022
EPI_ISL_10493803,Switzerland,7/2/2022
EPI_ISL_10493804,Switzerland,8/2/2022
EPI_ISL_10506228,Denmark,17/2/2022
EPI_ISL_10484936,Switzerland,16/2/2022
EPI_ISL_10483608,Switzerland,11/2/2022
EPI_ISL_10484819,Switzerland,17/2/2022
EPI_ISL_10506240,England,2022-00-00
EPI_ISL_10485227,Switzerland,15/2/2022
EPI_ISL_10483728,Switzerland,16/2/2022
EPI_ISL_10485476,Switzerland,15/2/2022
EPI_ISL_10484811,Switzerland,17/2/2022
EPI_ISL_10484256,Switzerland,17/2/2022
EPI_ISL_10483841,Switzerland,14/2/2022
EPI_ISL_10484136,Switzerland,18/2/2022
EPI_ISL_10505329,Poland,17/2/2022
EPI_ISL_10504500,India,17/1/2022
EPI_ISL_10506242,England,30/1/2022
EPI_ISL_10483674,Switzerland,13/2/2022
EPI_ISL_10483708,Switzerland,16/2/2022
EPI_ISL_10484118,Switzerland,18/2/2022
EPI_ISL_10484918,Switzerland,18/2/2022
EPI_ISL_10483826,Switzerland,14/2/2022
EPI_ISL_10483825,Switzerland,13/2/2022
EPI_ISL_10483821,Switzerland,13/2/2022
EPI_ISL_10483836,Switzerland,14/2/2022
EPI_ISL_10485688,Switzerland,14/2/2022
EPI_ISL_10485454,Switzerland,14/2/2022
EPI_ISL_10485112,Switzerland,14/2/2022
EPI_ISL_10485475,Switzerland,16/2/2022
EPI_ISL_10485352,Switzerland,15/2/2022
EPI_ISL_10485212,Switzerland,16/2/2022
EPI_ISL_10505325,Poland,17/2/2022
EPI_ISL_10505332,Poland,6/2/2022
EPI_ISL_10485474,Switzerland,14/2/2022
EPI_ISL_10485872,Switzerland,13/2/2022
EPI_ISL_10497542,Poland,12/2/2022
EPI_ISL_10485473,Switzerland,14/2/2022
EPI_ISL_10485461,Switzerland,14/2/2022
EPI_ISL_10483292,Switzerland,15/2/2022
EPI_ISL_10484488,Switzerland,17/2/2022
EPI_ISL_10506236,Denmark,20/2/2022
EPI_ISL_10483952,Switzerland,14/2/2022
EPI_ISL_10484007,Switzerland,14/2/2022
EPI_ISL_10485077,Switzerland,14/2/2022
EPI_ISL_10485335,Switzerland,15/2/2022
EPI_ISL_10485459,Switzerland,14/2/2022
EPI_ISL_10506257,Denmark,18/2/2022
EPI_ISL_10506238,England,2022-00-00
EPI_ISL_10484802,Switzerland,17/2/2022
EPI_ISL_10485505,Switzerland,14/2/2022
EPI_ISL_10483556,Switzerland,11/2/2022
EPI_ISL_10485456,Switzerland,14/2/2022
EPI_ISL_10485462,Switzerland,12/2/2022
EPI_ISL_10485458,Switzerland,14/2/2022
EPI_ISL_10483830,Switzerland,14/2/2022
EPI_ISL_10485457,Switzerland,14/2/2022
EPI_ISL_10485582,Switzerland,14/2/2022
EPI_ISL_10485465,Switzerland,9/2/2022
EPI_ISL_10484370,Switzerland,18/2/2022
EPI_ISL_10483423,Switzerland,16/2/2022
EPI_ISL_10484982,Switzerland,16/2/2022
EPI_ISL_10485460,Switzerland,18/2/2022
EPI_ISL_10483689,Switzerland,13/2/2022
EPI_ISL_10483789,Switzerland,17/2/2022
EPI_ISL_10485723,Switzerland,12/2/2022
EPI_ISL_10485721,Switzerland,14/2/2022
EPI_ISL_10485020,Switzerland,14/2/2022
EPI_ISL_10483747,Switzerland,14/2/2022
EPI_ISL_10484290,Switzerland,18/2/2022
EPI_ISL_10505330,Poland,6/2/2022
EPI_ISL_10506248,Denmark,22/2/2022
EPI_ISL_10483867,Switzerland,13/2/2022
EPI_ISL_10506263,Denmark,14/2/2022
EPI_ISL_10485729,Switzerland,14/2/2022
EPI_ISL_10485297,Switzerland,14/2/2022
EPI_ISL_10484506,Switzerland,17/2/2022
EPI_ISL_10483854,Switzerland,14/2/2022
EPI_ISL_10484275,Switzerland,18/2/2022
EPI_ISL_10506250,Denmark,18/2/2022
EPI_ISL_10497482,Poland,9/2/2022
EPI_ISL_10505334,Poland,3/2/2022
EPI_ISL_10506262,Denmark,21/2/2022
EPI_ISL_10497517,Poland,7/2/2022
EPI_ISL_10505954,England,12/2/2022
EPI_ISL_10505333,Poland,7/2/2022
EPI_ISL_10484388,Switzerland,19/2/2022
EPI_ISL_10506265,England,8/2/2022
EPI_ISL_10497512,Poland,13/2/2022
EPI_ISL_10498293,England,14/2/2022
EPI_ISL_10498375,England,13/2/2022
EPI_ISL_10485365,Switzerland,15/2/2022
EPI_ISL_10505503,Poland,5/2/2022
EPI_ISL_10505344,Poland,10/2/2022
EPI_ISL_10505338,Poland,11/2/2022
EPI_ISL_10483439,Switzerland,14/2/2022
EPI_ISL_10506277,England,9/2/2022
EPI_ISL_10485746,Switzerland,5/2/2022
EPI_ISL_10484660,Switzerland,17/2/2022
EPI_ISL_10485730,Switzerland,14/2/2022
EPI_ISL_10484782,Switzerland,15/2/2022
EPI_ISL_10485745,Switzerland,17/2/2022
EPI_ISL_10484898,Switzerland,17/2/2022
EPI_ISL_10484540,Switzerland,14/2/2022
EPI_ISL_10483326,Switzerland,11/2/2022
EPI_ISL_10483203,Switzerland,10/2/2022
EPI_ISL_10497543,Poland,7/2/2022
EPI_ISL_10497539,Poland,9/2/2022
EPI_ISL_10497537,Poland,8/2/2022
EPI_ISL_10497530,Poland,10/2/2022
EPI_ISL_10485198,Switzerland,12/2/2022
EPI_ISL_10485733,Switzerland,14/2/2022
EPI_ISL_10484408,Switzerland,18/2/2022
EPI_ISL_10485737,Switzerland,14/2/2022
EPI_ISL_10485731,Switzerland,14/2/2022
EPI_ISL_10485859,Switzerland,18/2/2022
EPI_ISL_10484764,Switzerland,15/2/2022
EPI_ISL_10484592,Switzerland,17/2/2022
EPI_ISL_10483260,Switzerland,14/2/2022
EPI_ISL_10485736,Switzerland,14/2/2022
EPI_ISL_10484523,Switzerland,17/2/2022
EPI_ISL_10483397,Switzerland,15/2/2022
EPI_ISL_10483819,Switzerland,14/2/2022
EPI_ISL_10485615,Switzerland,14/2/2022
EPI_ISL_10484644,Switzerland,17/2/2022
EPI_ISL_10483787,Switzerland,16/2/2022
EPI_ISL_10484881,Switzerland,17/2/2022
EPI_ISL_10485440,Switzerland,14/2/2022
EPI_ISL_10485740,Switzerland,14/2/2022
EPI_ISL_10485725,Switzerland,14/2/2022
EPI_ISL_10485840,Switzerland,5/2/2022
EPI_ISL_10483536,Switzerland,11/2/2022
EPI_ISL_10485182,Switzerland,15/2/2022
EPI_ISL_10485060,Switzerland,15/2/2022
EPI_ISL_10483308,Switzerland,11/2/2022
EPI_ISL_10483783,Switzerland,14/2/2022
EPI_ISL_10484997,Switzerland,14/2/2022
EPI_ISL_10483276,Switzerland,14/2/2022
EPI_ISL_10484084,Switzerland,12/2/2022
EPI_ISL_10485722,Switzerland,14/2/2022
EPI_ISL_10483811,Switzerland,10/2/2022
EPI_ISL_10485439,Switzerland,18/2/2022
EPI_ISL_10483816,Switzerland,14/2/2022
EPI_ISL_10485715,Switzerland,14/2/2022
EPI_ISL_10485438,Switzerland,18/2/2022
EPI_ISL_10484240,Switzerland,18/2/2022
EPI_ISL_10485437,Switzerland,18/2/2022
EPI_ISL_10485441,Switzerland,18/2/2022
EPI_ISL_10484575,Switzerland,17/2/2022
EPI_ISL_10483934,Switzerland,15/2/2022
EPI_ISL_10485316,Switzerland,15/2/2022
EPI_ISL_10485435,Switzerland,17/2/2022
EPI_ISL_10485434,Switzerland,18/2/2022
EPI_ISL_10484746,Switzerland,15/2/2022
EPI_ISL_10485671,Switzerland,14/2/2022
EPI_ISL_10485537,Switzerland,14/2/2022
EPI_ISL_10483122,Switzerland,11/2/2022
EPI_ISL_10483499,Switzerland,11/2/2022
EPI_ISL_10484352,Switzerland,18/2/2022
EPI_ISL_10483807,Switzerland,14/2/2022
EPI_ISL_10484453,Switzerland,17/2/2022
EPI_ISL_10484226,Switzerland,18/2/2022
EPI_ISL_10506279,England,11/2/2022
EPI_ISL_10506294,England,2022-00-00
EPI_ISL_10485436,Switzerland,18/2/2022
EPI_ISL_10484472,Switzerland,17/2/2022
EPI_ISL_10485426,Switzerland,14/2/2022
EPI_ISL_10485788,Switzerland,15/2/2022
EPI_ISL_10483384,Switzerland,12/2/2022
EPI_ISL_10485547,Switzerland,14/2/2022
EPI_ISL_10483245,Switzerland,16/2/2022
EPI_ISL_10484694,Switzerland,10/2/2022
EPI_ISL_10485560,Switzerland,14/2/2022
EPI_ISL_10483915,Switzerland,15/2/2022
EPI_ISL_10484207,Switzerland,19/2/2022
EPI_ISL_10485529,Switzerland,14/2/2022
EPI_ISL_10483802,Switzerland,14/2/2022
EPI_ISL_10485432,Switzerland,18/2/2022
EPI_ISL_10484100,Switzerland,20/2/2022
EPI_ISL_10485531,Switzerland,16/2/2022
EPI_ISL_10483367,Switzerland,11/2/2022
EPI_ISL_10485768,Switzerland,18/2/2022
EPI_ISL_10485651,Switzerland,13/2/2022
EPI_ISL_10484334,Switzerland,17/2/2022
EPI_ISL_10483484,Switzerland,14/2/2022
EPI_ISL_10483101,Switzerland,16/2/2022
EPI_ISL_10485772,Switzerland,17/2/2022
EPI_ISL_10485416,Switzerland,9/2/2022
EPI_ISL_10484319,Switzerland,17/2/2022
EPI_ISL_10484435,Switzerland,17/2/2022
EPI_ISL_10485771,Switzerland,15/2/2022
EPI_ISL_10485769,Switzerland,18/2/2022
EPI_ISL_10483347,Switzerland,11/2/2022
EPI_ISL_10485766,Switzerland,18/2/2022
EPI_ISL_10485402,Switzerland,15/2/2022
EPI_ISL_10484557,Switzerland,14/2/2022
EPI_ISL_10484796,Switzerland,14/2/2022
EPI_ISL_10485773,Switzerland,15/2/2022
EPI_ISL_10483472,Switzerland,14/2/2022
EPI_ISL_10484677,Switzerland,16/2/2022
EPI_ISL_10483230,Switzerland,16/2/2022
EPI_ISL_10485095,Switzerland,14/2/2022
EPI_ISL_10505339,Poland,12/2/2022
EPI_ISL_10485530,Switzerland,16/2/2022
EPI_ISL_10498074,India,12/8/2021
EPI_ISL_10497536,Poland,8/2/2022
EPI_ISL_10497519,Poland,8/2/2022
EPI_ISL_10485770,Switzerland,15/2/2022
EPI_ISL_10485759,Switzerland,18/2/2022
EPI_ISL_10483218,Switzerland,14/2/2022
EPI_ISL_10483455,Switzerland,14/2/2022
EPI_ISL_10483591,Switzerland,11/2/2022
EPI_ISL_10484422,Switzerland,17/2/2022
EPI_ISL_10483574,Switzerland,11/2/2022
EPI_ISL_10484853,Switzerland,14/2/2022
EPI_ISL_10485519,Switzerland,14/2/2022
EPI_ISL_10505340,Poland,12/2/2022
EPI_ISL_10484307,Switzerland,18/2/2022
EPI_ISL_10497538,Poland,9/2/2022
EPI_ISL_10497521,Poland,9/2/2022
EPI_ISL_10497509,Poland,9/2/2022
EPI_ISL_10485634,Switzerland,14/2/2022
EPI_ISL_10485754,Switzerland,10/2/2022
EPI_ISL_10497527,Poland,9/2/2022
EPI_ISL_10497511,Poland,13/2/2022
EPI_ISL_10497540,Poland,10/2/2022
EPI_ISL_10498076,India,13/8/2021
EPI_ISL_10498073,India,13/8/2021
EPI_ISL_10497541,Poland,12/2/2022
EPI_ISL_10497533,Poland,7/2/2022
EPI_ISL_10497525,Poland,9/2/2022
EPI_ISL_10497518,Poland,8/2/2022
EPI_ISL_10497535,Poland,7/2/2022
EPI_ISL_10497532,Poland,7/2/2022
EPI_ISL_10497989,India,12/8/2021
EPI_ISL_10497534,Poland,7/2/2022
EPI_ISL_10497529,Poland,11/2/2022
EPI_ISL_10497531,Poland,7/2/2022
EPI_ISL_10497524,Poland,9/2/2022
EPI_ISL_10497522,Poland,9/2/2022
EPI_ISL_10497520,Poland,8/2/2022
EPI_ISL_10497526,Poland,9/2/2022
EPI_ISL_10484625,Switzerland,17/2/2022
EPI_ISL_10497490,Poland,10/2/2022
EPI_ISL_10497491,Poland,11/2/2022
EPI_ISL_10497523,Poland,8/2/2022
EPI_ISL_10497510,Poland,11/2/2022
EPI_ISL_10497515,Poland,7/2/2022
EPI_ISL_10497503,Poland,13/2/2022
EPI_ISL_10483410,Switzerland,15/2/2022
EPI_ISL_10483782,Switzerland,14/2/2022
EPI_ISL_10497514,Poland,7/2/2022
EPI_ISL_10485009,Switzerland,14/2/2022
EPI_ISL_10485129,Switzerland,15/2/2022
EPI_ISL_10485490,Switzerland,14/2/2022
EPI_ISL_10497508,Poland,7/2/2022
EPI_ISL_10497507,Poland,7/2/2022
EPI_ISL_10483897,Switzerland,15/2/2022
EPI_ISL_10497498,Poland,12/2/2022
EPI_ISL_10497506,Poland,13/2/2022
EPI_ISL_10528523,Scotland,22/2/2022
EPI_ISL_10528526,Scotland,22/2/2022
EPI_ISL_10528651,Scotland,22/2/2022
EPI_ISL_10528646,England,22/2/2022
EPI_ISL_10528534,Scotland,21/2/2022
EPI_ISL_10528648,England,22/2/2022
EPI_ISL_10528532,Scotland,21/2/2022
EPI_ISL_10528647,Scotland,22/2/2022
EPI_ISL_10528652,England,22/2/2022
EPI_ISL_10528530,Scotland,22/2/2022
EPI_ISL_10528528,Scotland,22/2/2022
EPI_ISL_10528649,England,22/2/2022
EPI_ISL_10528650,Scotland,22/2/2022
EPI_ISL_10528654,Scotland,22/2/2022
EPI_ISL_10528527,Scotland,22/2/2022
EPI_ISL_10528539,Scotland,21/2/2022
EPI_ISL_10528533,Scotland,22/2/2022
EPI_ISL_10528507,Scotland,22/2/2022
EPI_ISL_10528535,Scotland,21/2/2022
EPI_ISL_10528536,Scotland,22/2/2022
EPI_ISL_10528621,England,22/2/2022
EPI_ISL_10528502,Scotland,22/2/2022
EPI_ISL_10528656,England,22/2/2022
EPI_ISL_10528655,Scotland,22/2/2022
EPI_ISL_10528658,Scotland,22/2/2022
EPI_ISL_10528657,England,22/2/2022
EPI_ISL_10528537,Scotland,22/2/2022
EPI_ISL_10528500,Scotland,22/2/2022
EPI_ISL_10528622,England,22/2/2022
EPI_ISL_10528538,Scotland,22/2/2022
EPI_ISL_10528504,Scotland,22/2/2022
EPI_ISL_10528625,Scotland,22/2/2022
EPI_ISL_10528659,England,22/2/2022
EPI_ISL_10528501,Scotland,21/2/2022
EPI_ISL_10528503,Scotland,22/2/2022
EPI_ISL_10528629,Scotland,22/2/2022
EPI_ISL_10528620,England,22/2/2022
EPI_ISL_10528624,Scotland,22/2/2022
EPI_ISL_10528626,Scotland,22/2/2022
EPI_ISL_10528619,Scotland,22/2/2022
EPI_ISL_10528623,England,22/2/2022
EPI_ISL_10528627,Scotland,22/2/2022
EPI_ISL_10528632,England,22/2/2022
EPI_ISL_10528635,Scotland,22/2/2022
EPI_ISL_10528506,Scotland,22/2/2022
EPI_ISL_10528513,Scotland,21/2/2022
EPI_ISL_10528512,Scotland,22/2/2022
EPI_ISL_10528505,Scotland,21/2/2022
EPI_ISL_10528628,Scotland,22/2/2022
EPI_ISL_10528630,England,21/2/2022
EPI_ISL_10528510,Scotland,22/2/2022
EPI_ISL_10528508,Scotland,22/2/2022
EPI_ISL_10528515,Scotland,21/2/2022
EPI_ISL_10528287,Scotland,22/2/2022
EPI_ISL_10528511,Scotland,22/2/2022
EPI_ISL_10528631,England,22/2/2022
EPI_ISL_10528517,Scotland,22/2/2022
EPI_ISL_10528509,Scotland,22/2/2022
EPI_ISL_10528634,England,22/2/2022
EPI_ISL_10528636,Scotland,22/2/2022
EPI_ISL_10528290,Scotland,22/2/2022
EPI_ISL_10528292,Scotland,22/2/2022
EPI_ISL_10528633,England,22/2/2022
EPI_ISL_10528514,Scotland,22/2/2022
EPI_ISL_10528516,Scotland,22/2/2022
EPI_ISL_10528285,Scotland,22/2/2022
EPI_ISL_10528294,Scotland,22/2/2022
EPI_ISL_10528518,Scotland,22/2/2022
EPI_ISL_10528296,Scotland,21/2/2022
EPI_ISL_10528299,Scotland,22/2/2022
EPI_ISL_10528638,England,22/2/2022
EPI_ISL_10528519,Scotland,22/2/2022
EPI_ISL_10528281,Scotland,22/2/2022
EPI_ISL_10528637,England,22/2/2022
EPI_ISL_10528639,Scotland,22/2/2022
EPI_ISL_10528286,Scotland,22/2/2022
EPI_ISL_10528289,Scotland,21/2/2022
EPI_ISL_10528284,Scotland,21/2/2022
EPI_ISL_10528288,Scotland,21/2/2022
EPI_ISL_10528282,Scotland,22/2/2022
EPI_ISL_10528295,Scotland,22/2/2022
EPI_ISL_10528280,Scotland,22/2/2022
EPI_ISL_10528561,Scotland,22/2/2022
EPI_ISL_10528322,Scotland,22/2/2022
EPI_ISL_10528283,Scotland,22/2/2022
EPI_ISL_10528274,England,22/2/2022
EPI_ISL_10528681,England,22/2/2022
EPI_ISL_10528298,Scotland,22/2/2022
EPI_ISL_10528277,Scotland,22/2/2022
EPI_ISL_10528560,Scotland,21/2/2022
EPI_ISL_10528293,Scotland,22/2/2022
EPI_ISL_10528291,Scotland,22/2/2022
EPI_ISL_10528275,England,21/2/2022
EPI_ISL_10528279,Scotland,22/2/2022
EPI_ISL_10528441,Scotland,22/2/2022
EPI_ISL_10528566,Scotland,21/2/2022
EPI_ISL_10528686,England,22/2/2022
EPI_ISL_10528276,Scotland,22/2/2022
EPI_ISL_10528278,Scotland,22/2/2022
EPI_ISL_10528682,England,22/2/2022
EPI_ISL_10528320,Scotland,22/2/2022
EPI_ISL_10528563,Scotland,22/2/2022
EPI_ISL_10528444,Scotland,22/2/2022
EPI_ISL_10528680,England,22/2/2022
EPI_ISL_10528683,Scotland,22/2/2022
EPI_ISL_10528564,Scotland,22/2/2022
EPI_ISL_10528562,Scotland,22/2/2022
EPI_ISL_10528685,England,22/2/2022
EPI_ISL_10528689,England,22/2/2022
EPI_ISL_10528321,Scotland,22/2/2022
EPI_ISL_10528331,Scotland,22/2/2022
EPI_ISL_10528575,Scotland,21/2/2022
EPI_ISL_10528574,Scotland,22/2/2022
EPI_ISL_10528684,Scotland,22/2/2022
EPI_ISL_10528324,Scotland,22/2/2022
EPI_ISL_10528687,Scotland,22/2/2022
EPI_ISL_10528323,Scotland,21/2/2022
EPI_ISL_10528447,Scotland,22/2/2022
EPI_ISL_10528571,Scotland,21/2/2022
EPI_ISL_10528445,Scotland,21/2/2022
EPI_ISL_10528326,Scotland,22/2/2022
EPI_ISL_10528325,Scotland,21/2/2022
EPI_ISL_10528688,England,22/2/2022
EPI_ISL_10528565,Scotland,22/2/2022
EPI_ISL_10528328,Scotland,22/2/2022
EPI_ISL_10528448,Scotland,22/2/2022
EPI_ISL_10528573,Scotland,22/2/2022
EPI_ISL_10528568,Scotland,22/2/2022
EPI_ISL_10528449,Scotland,22/2/2022
EPI_ISL_10528569,Scotland,21/2/2022
EPI_ISL_10528451,Scotland,22/2/2022
EPI_ISL_10528446,Scotland,22/2/2022
EPI_ISL_10528692,Scotland,22/2/2022
EPI_ISL_10528570,Scotland,22/2/2022
EPI_ISL_10528572,Scotland,21/2/2022
EPI_ISL_10528327,Scotland,22/2/2022
EPI_ISL_10528450,Scotland,21/2/2022
EPI_ISL_10528567,Scotland,21/2/2022
EPI_ISL_10528329,Scotland,22/2/2022
EPI_ISL_10528332,Scotland,22/2/2022
EPI_ISL_10528335,Scotland,22/2/2022
EPI_ISL_10528691,England,22/2/2022
EPI_ISL_10528452,Scotland,22/2/2022
EPI_ISL_10528454,Scotland,22/2/2022
EPI_ISL_10528453,Scotland,22/2/2022
EPI_ISL_10528330,Scotland,22/2/2022
EPI_ISL_10528456,Scotland,22/2/2022
EPI_ISL_10528339,Scotland,22/2/2022
EPI_ISL_10528540,Scotland,22/2/2022
EPI_ISL_10528576,England,22/2/2022
EPI_ISL_10528660,England,22/2/2022
EPI_ISL_10528333,Scotland,22/2/2022
EPI_ISL_10528334,Scotland,22/2/2022
EPI_ISL_10528455,Scotland,22/2/2022
EPI_ISL_10528337,Scotland,21/2/2022
EPI_ISL_10528578,Scotland,22/2/2022
EPI_ISL_10528541,Scotland,21/2/2022
EPI_ISL_10528577,Scotland,22/2/2022
EPI_ISL_10528336,Scotland,21/2/2022
EPI_ISL_10528665,Scotland,22/2/2022
EPI_ISL_10528458,Scotland,22/2/2022
EPI_ISL_10528457,Scotland,22/2/2022
EPI_ISL_10528302,Scotland,22/2/2022
EPI_ISL_10528306,Scotland,21/2/2022
EPI_ISL_10528579,England,22/2/2022
EPI_ISL_10528690,England,22/2/2022
EPI_ISL_10528300,Scotland,22/2/2022
EPI_ISL_10528303,Scotland,22/2/2022
EPI_ISL_10528666,England,22/2/2022
EPI_ISL_10528309,Scotland,21/2/2022
EPI_ISL_10528459,Scotland,22/2/2022
EPI_ISL_10528301,Scotland,22/2/2022
EPI_ISL_10528308,Scotland,21/2/2022
EPI_ISL_10528661,England,21/2/2022
EPI_ISL_10528542,Scotland,22/2/2022
EPI_ISL_10528544,Scotland,21/2/2022
EPI_ISL_10528667,England,21/2/2022
EPI_ISL_10528663,Scotland,22/2/2022
EPI_ISL_10528662,Scotland,22/2/2022
EPI_ISL_10528543,Scotland,21/2/2022
EPI_ISL_10528545,Scotland,22/2/2022
EPI_ISL_10528664,Scotland,22/2/2022
EPI_ISL_10528304,Scotland,22/2/2022
EPI_ISL_10528553,Scotland,22/2/2022
EPI_ISL_10528546,Scotland,21/2/2022
EPI_ISL_10528547,Scotland,22/2/2022
EPI_ISL_10528670,Scotland,22/2/2022
EPI_ISL_10528548,Scotland,21/2/2022
EPI_ISL_10528668,Scotland,22/2/2022
EPI_ISL_10528550,Scotland,22/2/2022
EPI_ISL_10528558,Scotland,21/2/2022
EPI_ISL_10528669,England,22/2/2022
EPI_ISL_10524242,England,22/2/2022
EPI_ISL_10524259,England,22/2/2022
EPI_ISL_10528305,Scotland,22/2/2022
EPI_ISL_10528672,England,22/2/2022
EPI_ISL_10528671,England,22/2/2022
EPI_ISL_10528311,Scotland,22/2/2022
EPI_ISL_10528307,Scotland,21/2/2022
EPI_ISL_10528310,Scotland,22/2/2022
EPI_ISL_10528552,Scotland,22/2/2022
EPI_ISL_10528549,Scotland,22/2/2022
EPI_ISL_10528554,Scotland,22/2/2022
EPI_ISL_10528551,Scotland,22/2/2022
EPI_ISL_10528315,Scotland,22/2/2022
EPI_ISL_10528559,Scotland,22/2/2022
EPI_ISL_10528673,England,22/2/2022
EPI_ISL_10528312,Scotland,22/2/2022
EPI_ISL_10528557,Scotland,22/2/2022
EPI_ISL_10528313,Scotland,22/2/2022
EPI_ISL_10528676,England,21/2/2022
EPI_ISL_10528675,Scotland,22/2/2022
EPI_ISL_10528556,Scotland,22/2/2022
EPI_ISL_10528591,England,22/2/2022
EPI_ISL_10528555,Scotland,21/2/2022
EPI_ISL_10528678,Scotland,22/2/2022
EPI_ISL_10528679,England,22/2/2022
EPI_ISL_10528314,Scotland,22/2/2022
EPI_ISL_10528317,Scotland,22/2/2022
EPI_ISL_10528316,Scotland,22/2/2022
EPI_ISL_10528485,Scotland,22/2/2022
EPI_ISL_10528677,Scotland,22/2/2022
EPI_ISL_10528483,Scotland,22/2/2022
EPI_ISL_10528482,Scotland,22/2/2022
EPI_ISL_10528319,Scotland,21/2/2022
EPI_ISL_10528494,Scotland,22/2/2022
EPI_ISL_10528318,Scotland,22/2/2022
EPI_ISL_10528487,Scotland,22/2/2022
EPI_ISL_10528480,Scotland,21/2/2022
EPI_ISL_10528499,Scotland,18/2/2022
EPI_ISL_10528341,Scotland,22/2/2022
EPI_ISL_10528467,Scotland,22/2/2022
EPI_ISL_10528484,Scotland,21/2/2022
EPI_ISL_10528489,Scotland,22/2/2022
EPI_ISL_10528495,Scotland,22/2/2022
EPI_ISL_10528488,Scotland,21/2/2022
EPI_ISL_10528496,Scotland,22/2/2022
EPI_ISL_10528491,Scotland,21/2/2022
EPI_ISL_10528498,Scotland,22/2/2022
EPI_ISL_10528497,Scotland,22/2/2022
EPI_ISL_10528582,Scotland,22/2/2022
EPI_ISL_10528486,Scotland,22/2/2022
EPI_ISL_10528493,Scotland,22/2/2022
EPI_ISL_10528586,England,21/2/2022
EPI_ISL_10528481,Scotland,22/2/2022
EPI_ISL_10528342,Scotland,22/2/2022
EPI_ISL_10528583,Scotland,22/2/2022
EPI_ISL_10528584,Scotland,22/2/2022
EPI_ISL_10528462,Scotland,22/2/2022
EPI_ISL_10528345,Scotland,22/2/2022
EPI_ISL_10528490,Scotland,22/2/2022
EPI_ISL_10528340,Scotland,22/2/2022
EPI_ISL_10528461,Scotland,22/2/2022
EPI_ISL_10528492,Scotland,22/2/2022
EPI_ISL_10528585,Scotland,22/2/2022
EPI_ISL_10528348,Scotland,22/2/2022
EPI_ISL_10528469,Scotland,22/2/2022
EPI_ISL_10528460,Scotland,21/2/2022
EPI_ISL_10528581,Scotland,22/2/2022
EPI_ISL_10528465,Scotland,22/2/2022
EPI_ISL_10528463,Scotland,22/2/2022
EPI_ISL_10528344,Scotland,22/2/2022
EPI_ISL_10528350,Scotland,22/2/2022
EPI_ISL_10528599,Scotland,22/2/2022
EPI_ISL_10528343,Scotland,22/2/2022
EPI_ISL_10528466,Scotland,22/2/2022
EPI_ISL_10528472,Scotland,22/2/2022
EPI_ISL_10528464,Scotland,22/2/2022
EPI_ISL_10528354,Scotland,22/2/2022
EPI_ISL_10528346,Scotland,22/2/2022
EPI_ISL_10528592,England,22/2/2022
EPI_ISL_10528353,Scotland,22/2/2022
EPI_ISL_10528474,Scotland,22/2/2022
EPI_ISL_10528588,Scotland,22/2/2022
EPI_ISL_10528347,Scotland,22/2/2022
EPI_ISL_10528468,Scotland,22/2/2022
EPI_ISL_10528589,England,22/2/2022
EPI_ISL_10528587,England,22/2/2022
EPI_ISL_10528349,Scotland,22/2/2022
EPI_ISL_10528593,England,22/2/2022
EPI_ISL_10528471,Scotland,22/2/2022
EPI_ISL_10528351,Scotland,22/2/2022
EPI_ISL_10528595,England,22/2/2022
EPI_ISL_10528356,Scotland,21/2/2022
EPI_ISL_10528475,Scotland,22/2/2022
EPI_ISL_10528596,England,21/2/2022
EPI_ISL_10528598,England,21/2/2022
EPI_ISL_10528352,Scotland,22/2/2022
EPI_ISL_10528594,England,22/2/2022
EPI_ISL_10528470,Scotland,21/2/2022
EPI_ISL_10524249,England,22/2/2022
EPI_ISL_10528473,Scotland,22/2/2022
EPI_ISL_10528476,Scotland,22/2/2022
EPI_ISL_10528355,Scotland,21/2/2022
EPI_ISL_10528744,England,22/2/2022
EPI_ISL_10528478,Scotland,22/2/2022
EPI_ISL_10528477,Scotland,22/2/2022
EPI_ISL_10528479,Scotland,21/2/2022
EPI_ISL_10528590,England,22/2/2022
EPI_ISL_10524243,Scotland,21/2/2022
EPI_ISL_10528724,England,22/2/2022
EPI_ISL_10516080,Scotland,22/2/2022
EPI_ISL_10532352,Scotland,21/2/2022
EPI_ISL_10528829,England,22/2/2022
EPI_ISL_10532353,Scotland,21/2/2022
EPI_ISL_10524244,England,21/2/2022
EPI_ISL_10524248,England,22/2/2022
EPI_ISL_10524241,Scotland,22/2/2022
EPI_ISL_10528386,Belgium,21/2/2022
EPI_ISL_10524247,England,23/2/2022
EPI_ISL_10524245,Scotland,22/2/2022
EPI_ISL_10524258,England,23/2/2022
EPI_ISL_10524246,Scotland,21/2/2022
EPI_ISL_10528732,England,22/2/2022
EPI_ISL_10528762,England,22/2/2022
EPI_ISL_10528389,Belgium,21/2/2022
EPI_ISL_10524225,India,14/2/2022
EPI_ISL_10524223,India,14/2/2022
EPI_ISL_10528387,Belgium,21/2/2022
EPI_ISL_10528380,Belgium,21/2/2022
EPI_ISL_10524256,England,23/2/2022
EPI_ISL_10524257,England,23/2/2022
EPI_ISL_10524251,Scotland,22/2/2022
EPI_ISL_10524250,England,21/2/2022
EPI_ISL_10528385,Belgium,21/2/2022
EPI_ISL_10524252,England,22/2/2022
EPI_ISL_10524220,India,14/2/2022
EPI_ISL_10528382,Belgium,21/2/2022
EPI_ISL_10528396,Belgium,21/2/2022
EPI_ISL_10528384,Belgium,21/2/2022
EPI_ISL_10528383,Belgium,21/2/2022
EPI_ISL_10528388,Belgium,21/2/2022
EPI_ISL_10524219,India,14/2/2022
EPI_ISL_10524222,India,14/2/2022
EPI_ISL_10524221,India,14/2/2022
EPI_ISL_10528395,Belgium,21/2/2022
EPI_ISL_10524224,India,14/2/2022
EPI_ISL_10528394,Belgium,21/2/2022
EPI_ISL_10524229,India,14/2/2022
EPI_ISL_10524226,India,14/2/2022
EPI_ISL_10528397,Belgium,21/2/2022
EPI_ISL_10524228,India,14/2/2022
EPI_ISL_10524227,England,21/2/2022
EPI_ISL_10528398,Belgium,21/2/2022
EPI_ISL_10528381,Belgium,21/2/2022
EPI_ISL_10524239,India,15/2/2022
EPI_ISL_10524237,India,15/2/2022
EPI_ISL_10528403,Belgium,21/2/2022
EPI_ISL_10528399,Belgium,21/2/2022
EPI_ISL_10524238,India,15/2/2022
EPI_ISL_10524231,India,14/2/2022
EPI_ISL_10528390,Scotland,22/2/2022
EPI_ISL_10524236,India,14/2/2022
EPI_ISL_10528393,Belgium,21/2/2022
EPI_ISL_10528400,Belgium,21/2/2022
EPI_ISL_10528714,England,21/2/2022
EPI_ISL_10524232,India,14/2/2022
EPI_ISL_10528401,Belgium,21/2/2022
EPI_ISL_10524235,India,14/2/2022
EPI_ISL_10524234,India,14/2/2022
EPI_ISL_10524230,India,14/2/2022
EPI_ISL_10524233,India,14/2/2022
EPI_ISL_10524298,England,23/2/2022
EPI_ISL_10524176,India,14/2/2022
EPI_ISL_10524173,India,14/2/2022
EPI_ISL_10528391,Belgium,21/2/2022
EPI_ISL_10528392,Belgium,21/2/2022
EPI_ISL_10524290,England,23/2/2022
EPI_ISL_10524297,England,23/2/2022
EPI_ISL_10528402,Belgium,21/2/2022
EPI_ISL_11303923,England,16/3/2022
EPI_ISL_11303931,England,16/3/2022
EPI_ISL_11303929,England,16/3/2022
EPI_ISL_11303925,England,16/3/2022
EPI_ISL_11303924,England,16/3/2022
EPI_ISL_11303976,England,15/3/2022
EPI_ISL_11303906,England,16/3/2022
EPI_ISL_11303928,England,16/3/2022
EPI_ISL_11303943,England,15/3/2022
EPI_ISL_11303922,England,16/3/2022
EPI_ISL_11303905,England,16/3/2022
EPI_ISL_11303904,England,16/3/2022
EPI_ISL_11303927,England,16/3/2022
EPI_ISL_11303926,England,16/3/2022
EPI_ISL_11303900,England,16/3/2022
EPI_ISL_11303921,England,16/3/2022
EPI_ISL_11303930,England,16/3/2022
EPI_ISL_11303989,England,16/3/2022
EPI_ISL_11303992,England,15/3/2022
EPI_ISL_11303990,England,14/3/2022
EPI_ISL_11303986,England,15/3/2022
EPI_ISL_11303988,England,16/3/2022
EPI_ISL_11303993,England,16/3/2022
EPI_ISL_11303996,England,15/3/2022
EPI_ISL_11304195,England,15/3/2022
EPI_ISL_11304001,England,15/3/2022
EPI_ISL_11304005,England,15/3/2022
EPI_ISL_11303980,England,15/3/2022
EPI_ISL_11303957,England,15/3/2022
EPI_ISL_11303958,England,15/3/2022
EPI_ISL_11304007,England,15/3/2022
EPI_ISL_11303979,England,16/3/2022
EPI_ISL_11303956,England,16/3/2022
EPI_ISL_11303959,England,16/3/2022
EPI_ISL_11303964,England,14/3/2022
EPI_ISL_11303978,England,15/3/2022
EPI_ISL_11303955,England,16/3/2022
EPI_ISL_11303954,England,16/3/2022
EPI_ISL_11303963,England,14/3/2022
EPI_ISL_11303977,England,15/3/2022
EPI_ISL_11303962,England,16/3/2022
EPI_ISL_11303961,England,15/3/2022
EPI_ISL_11303960,England,15/3/2022
EPI_ISL_11303949,England,15/3/2022
EPI_ISL_11303975,England,15/3/2022
EPI_ISL_11303948,England,15/3/2022
EPI_ISL_11303947,England,14/3/2022
EPI_ISL_11303969,England,15/3/2022
EPI_ISL_11303968,England,15/3/2022
EPI_ISL_11303945,England,15/3/2022
EPI_ISL_11303967,England,16/3/2022
EPI_ISL_11303944,England,15/3/2022
EPI_ISL_11303971,England,14/3/2022
EPI_ISL_11303966,England,15/3/2022
EPI_ISL_11303965,England,15/3/2022
EPI_ISL_11303950,England,15/3/2022
EPI_ISL_11303953,England,15/3/2022
EPI_ISL_11303952,England,14/3/2022
EPI_ISL_11303974,England,14/3/2022
EPI_ISL_11303973,England,15/3/2022
EPI_ISL_11303951,England,15/3/2022
EPI_ISL_11303972,England,14/3/2022
EPI_ISL_11303970,England,16/3/2022
EPI_ISL_11303983,England,15/3/2022
EPI_ISL_11303982,England,15/3/2022
EPI_ISL_11303981,England,15/3/2022
EPI_ISL_11304462,England,15/3/2022
EPI_ISL_11304378,England,15/3/2022
EPI_ISL_11304057,England,14/3/2022
EPI_ISL_11304059,England,16/3/2022
EPI_ISL_11303998,England,15/3/2022
EPI_ISL_11303999,England,16/3/2022
EPI_ISL_11303985,England,15/3/2022
EPI_ISL_11303984,England,16/3/2022
EPI_ISL_11303987,England,15/3/2022
EPI_ISL_11303994,England,15/3/2022
EPI_ISL_11304003,England,15/3/2022
EPI_ISL_11303997,England,14/3/2022
EPI_ISL_11304004,England,15/3/2022
EPI_ISL_11303995,England,14/3/2022
EPI_ISL_11304006,England,11/3/2022
EPI_ISL_11303991,England,15/3/2022
EPI_ISL_11304002,England,14/3/2022
EPI_ISL_11304000,England,15/3/2022
EPI_ISL_11304109,England,15/3/2022
EPI_ISL_11304114,England,15/3/2022
EPI_ISL_11304016,England,13/3/2022
EPI_ISL_11304021,England,15/3/2022
EPI_ISL_11304020,England,15/3/2022
EPI_ISL_11304013,England,16/3/2022
EPI_ISL_11304009,England,15/3/2022
EPI_ISL_11304019,England,15/3/2022
EPI_ISL_11304018,England,15/3/2022
EPI_ISL_11304017,England,15/3/2022
EPI_ISL_11304015,England,15/3/2022
EPI_ISL_11304014,England,16/3/2022
EPI_ISL_11304012,England,16/3/2022
EPI_ISL_11304133,England,15/3/2022
EPI_ISL_11304011,England,15/3/2022
EPI_ISL_11304010,England,16/3/2022
EPI_ISL_11304008,England,15/3/2022
EPI_ISL_11304038,England,15/3/2022
EPI_ISL_11304079,England,15/3/2022
EPI_ISL_11304039,England,14/3/2022
EPI_ISL_11304033,England,15/3/2022
EPI_ISL_11304037,England,15/3/2022
EPI_ISL_11304034,England,15/3/2022
EPI_ISL_11304036,England,14/3/2022
EPI_ISL_11304035,England,15/3/2022
EPI_ISL_11304032,England,16/3/2022
EPI_ISL_11304031,England,15/3/2022
EPI_ISL_11304030,England,16/3/2022
EPI_ISL_11304028,England,15/3/2022
EPI_ISL_11304023,England,16/3/2022
EPI_ISL_11304029,England,15/3/2022
EPI_ISL_11304027,England,15/3/2022
EPI_ISL_11304024,England,15/3/2022
EPI_ISL_11304026,England,15/3/2022
EPI_ISL_11304054,England,15/3/2022
EPI_ISL_11304025,England,15/3/2022
EPI_ISL_11304022,England,15/3/2022
EPI_ISL_11304056,England,15/3/2022
EPI_ISL_11304061,England,15/3/2022
EPI_ISL_11304064,England,15/3/2022
EPI_ISL_11304062,England,14/3/2022
EPI_ISL_11304060,England,15/3/2022
EPI_ISL_11304058,England,14/3/2022
EPI_ISL_11304055,England,15/3/2022
EPI_ISL_11304048,England,14/3/2022
EPI_ISL_11304053,England,16/3/2022
EPI_ISL_11304052,England,15/3/2022
EPI_ISL_11304051,England,15/3/2022
EPI_ISL_11304040,England,14/3/2022
EPI_ISL_11304050,England,16/3/2022
EPI_ISL_11304047,England,15/3/2022
EPI_ISL_11304049,England,15/3/2022
EPI_ISL_11304046,England,16/3/2022
EPI_ISL_11304045,England,14/3/2022
EPI_ISL_11304044,England,15/3/2022
EPI_ISL_11304043,England,15/3/2022
EPI_ISL_11304042,England,16/3/2022
EPI_ISL_11304041,England,14/3/2022
EPI_ISL_11304164,England,14/3/2022
EPI_ISL_11304161,England,15/3/2022
EPI_ISL_11304078,England,16/3/2022
EPI_ISL_11304070,England,14/3/2022
EPI_ISL_11304077,England,14/3/2022
EPI_ISL_11304072,England,15/3/2022
EPI_ISL_11304076,England,15/3/2022
EPI_ISL_11304068,England,15/3/2022
EPI_ISL_11304075,England,15/3/2022
EPI_ISL_11304066,England,16/3/2022
EPI_ISL_11304074,England,15/3/2022
EPI_ISL_11304067,England,15/3/2022
EPI_ISL_11304073,England,14/3/2022
EPI_ISL_11304071,England,14/3/2022
EPI_ISL_11304063,England,15/3/2022
EPI_ISL_11304069,England,14/3/2022
EPI_ISL_11304080,England,16/3/2022
EPI_ISL_11304065,England,14/3/2022
EPI_ISL_11304186,Scotland,16/3/2022
EPI_ISL_11304108,England,15/3/2022
EPI_ISL_11304116,England,15/3/2022
EPI_ISL_11304110,England,14/3/2022
EPI_ISL_11304117,England,15/3/2022
EPI_ISL_11304155,England,15/3/2022
EPI_ISL_11304118,England,14/3/2022
EPI_ISL_11304106,England,16/3/2022
EPI_ISL_11304154,England,15/3/2022
EPI_ISL_11304115,England,15/3/2022
EPI_ISL_11304147,England,15/3/2022
EPI_ISL_11304102,England,15/3/2022
EPI_ISL_11304113,England,15/3/2022
EPI_ISL_11304112,Scotland,16/3/2022
EPI_ISL_11304111,England,15/3/2022
EPI_ISL_11304081,England,15/3/2022
EPI_ISL_11304082,England,16/3/2022
EPI_ISL_11304107,England,14/3/2022
EPI_ISL_11304105,England,15/3/2022
EPI_ISL_11304132,England,15/3/2022
EPI_ISL_11304104,England,15/3/2022
EPI_ISL_11304100,England,15/3/2022
EPI_ISL_11304099,England,14/3/2022
EPI_ISL_11304103,England,15/3/2022
EPI_ISL_11304130,England,15/3/2022
EPI_ISL_11304101,England,15/3/2022
EPI_ISL_11304091,England,15/3/2022
EPI_ISL_11304090,England,14/3/2022
EPI_ISL_11304097,England,16/3/2022
EPI_ISL_11304098,England,15/3/2022
EPI_ISL_11304126,England,15/3/2022
EPI_ISL_11304122,England,14/3/2022
EPI_ISL_11304212,England,15/3/2022
EPI_ISL_11304131,England,15/3/2022
EPI_ISL_11304096,England,14/3/2022
EPI_ISL_11304094,England,16/3/2022
EPI_ISL_11304095,England,15/3/2022
EPI_ISL_11304127,England,15/3/2022
EPI_ISL_11304093,England,16/3/2022
EPI_ISL_11304119,England,15/3/2022
EPI_ISL_11304092,England,16/3/2022
EPI_ISL_11304129,England,15/3/2022
EPI_ISL_11304120,England,15/3/2022
EPI_ISL_11304128,England,15/3/2022
EPI_ISL_11304125,England,15/3/2022
EPI_ISL_11304124,England,14/3/2022
EPI_ISL_11304088,England,14/3/2022
EPI_ISL_11304123,England,15/3/2022
EPI_ISL_11304121,England,15/3/2022
EPI_ISL_11304089,England,16/3/2022
EPI_ISL_11304087,England,15/3/2022
EPI_ISL_11304220,England,15/3/2022
EPI_ISL_11304086,England,15/3/2022
EPI_ISL_11304083,England,15/3/2022
EPI_ISL_11304085,England,15/3/2022
EPI_ISL_11304084,England,15/3/2022
EPI_ISL_11304233,England,15/3/2022
EPI_ISL_11304234,England,15/3/2022
EPI_ISL_11304153,England,15/3/2022
EPI_ISL_11304152,England,15/3/2022
EPI_ISL_11304151,England,15/3/2022
EPI_ISL_11304144,England,14/3/2022
EPI_ISL_11304150,England,15/3/2022
EPI_ISL_11304140,England,15/3/2022
EPI_ISL_11304149,England,15/3/2022
EPI_ISL_11304148,England,15/3/2022
EPI_ISL_11304139,England,15/3/2022
EPI_ISL_11304146,England,15/3/2022
EPI_ISL_11304136,England,15/3/2022
EPI_ISL_11304145,England,15/3/2022
EPI_ISL_11304143,England,15/3/2022
EPI_ISL_11304142,England,15/3/2022
EPI_ISL_11304141,England,15/3/2022
EPI_ISL_11304138,England,14/3/2022
EPI_ISL_11304137,England,15/3/2022
EPI_ISL_11304135,England,15/3/2022
EPI_ISL_11304134,England,15/3/2022
EPI_ISL_11304190,England,14/3/2022
EPI_ISL_11304159,England,15/3/2022
EPI_ISL_11304158,England,14/3/2022
EPI_ISL_11304157,England,15/3/2022
EPI_ISL_11304156,England,15/3/2022
EPI_ISL_11304196,England,15/3/2022
EPI_ISL_11304193,England,14/3/2022
EPI_ISL_11304194,England,15/3/2022
EPI_ISL_11304192,England,15/3/2022
EPI_ISL_11304191,England,15/3/2022
EPI_ISL_11304173,England,15/3/2022
EPI_ISL_11304189,England,14/3/2022
EPI_ISL_11304188,England,15/3/2022
EPI_ISL_11304187,England,15/3/2022
EPI_ISL_11304185,England,15/3/2022
EPI_ISL_11304184,England,15/3/2022
EPI_ISL_11304183,England,15/3/2022
EPI_ISL_11304182,England,15/3/2022
EPI_ISL_11304181,England,15/3/2022
